[{"model": "admin.logentry", "pk": 1, "fields": {"action_time": "2021-03-18T15:38:53.621Z", "user": 1, "content_type": 7, "object_id": "1", "object_repr": "reddoor.example.com", "action_flag": 2, "change_message": "[{\"changed\": {\"fields\": [\"Domain name\", \"Display name\"]}}]"}}, {"model": "admin.logentry", "pk": 2, "fields": {"action_time": "2021-03-18T17:30:42.769Z", "user": 1, "content_type": 8, "object_id": "1", "object_repr": "patricksingleton95@gmail.com", "action_flag": 1, "change_message": "[{\"added\": {}}]"}}, {"model": "admin.logentry", "pk": 3, "fields": {"action_time": "2021-03-22T12:33:42.331Z", "user": 1, "content_type": 14, "object_id": "1", "object_repr": "hair-care", "action_flag": 1, "change_message": "[{\"added\": {}}]"}}, {"model": "admin.logentry", "pk": 4, "fields": {"action_time": "2021-03-22T12:34:21.924Z", "user": 1, "content_type": 14, "object_id": "2", "object_repr": "services", "action_flag": 1, "change_message": "[{\"added\": {}}]"}}, {"model": "admin.logentry", "pk": 5, "fields": {"action_time": "2021-03-22T12:36:58.169Z", "user": 1, "content_type": 14, "object_id": "1", "object_repr": "shampoos_conditioners", "action_flag": 2, "change_message": "[{\"changed\": {\"fields\": [\"Name\", \"Friendly name\"]}}]"}}, {"model": "admin.logentry", "pk": 6, "fields": {"action_time": "2021-03-22T12:37:22.079Z", "user": 1, "content_type": 14, "object_id": "2", "object_repr": "toners", "action_flag": 2, "change_message": "[{\"changed\": {\"fields\": [\"Name\", \"Friendly name\"]}}]"}}, {"model": "admin.logentry", "pk": 7, "fields": {"action_time": "2021-03-22T12:38:09.921Z", "user": 1, "content_type": 14, "object_id": "3", "object_repr": "masks_oils", "action_flag": 1, "change_message": "[{\"added\": {}}]"}}, {"model": "admin.logentry", "pk": 8, "fields": {"action_time": "2021-03-22T12:40:09.326Z", "user": 1, "content_type": 14, "object_id": "4", "object_repr": "cuts_styles", "action_flag": 1, "change_message": "[{\"added\": {}}]"}}, {"model": "admin.logentry", "pk": 9, "fields": {"action_time": "2021-03-22T12:40:28.320Z", "user": 1, "content_type": 14, "object_id": "5", "object_repr": "coloring", "action_flag": 1, "change_message": "[{\"added\": {}}]"}}, {"model": "admin.logentry", "pk": 10, "fields": {"action_time": "2021-03-22T12:40:42.518Z", "user": 1, "content_type": 14, "object_id": "6", "object_repr": "nails", "action_flag": 1, "change_message": "[{\"added\": {}}]"}}, {"model": "admin.logentry", "pk": 11, "fields": {"action_time": "2021-03-22T12:43:29.521Z", "user": 1, "content_type": 13, "object_id": "1", "object_repr": "Wash, Trim, Blow Dry", "action_flag": 1, "change_message": "[{\"added\": {}}]"}}, {"model": "admin.logentry", "pk": 12, "fields": {"action_time": "2021-03-22T12:44:20.761Z", "user": 1, "content_type": 13, "object_id": "2", "object_repr": "Wash, Cut, Blow Dry", "action_flag": 1, "change_message": "[{\"added\": {}}]"}}, {"model": "admin.logentry", "pk": 13, "fields": {"action_time": "2021-03-22T12:44:54.042Z", "user": 1, "content_type": 13, "object_id": "3", "object_repr": "Kids Dry Cut", "action_flag": 1, "change_message": "[{\"added\": {}}]"}}, {"model": "admin.logentry", "pk": 14, "fields": {"action_time": "2021-03-22T12:53:24.627Z", "user": 1, "content_type": 13, "object_id": "4", "object_repr": "Echosline Seliar - Argan Fluid", "action_flag": 1, "change_message": "[{\"added\": {}}]"}}, {"model": "admin.logentry", "pk": 15, "fields": {"action_time": "2021-03-22T12:55:00.546Z", "user": 1, "content_type": 14, "object_id": "6", "object_repr": "nails", "action_flag": 3, "change_message": ""}}, {"model": "admin.logentry", "pk": 16, "fields": {"action_time": "2021-03-22T12:55:00.572Z", "user": 1, "content_type": 14, "object_id": "5", "object_repr": "coloring", "action_flag": 3, "change_message": ""}}, {"model": "admin.logentry", "pk": 17, "fields": {"action_time": "2021-03-22T12:55:00.601Z", "user": 1, "content_type": 14, "object_id": "4", "object_repr": "cuts_styles", "action_flag": 3, "change_message": ""}}, {"model": "admin.logentry", "pk": 18, "fields": {"action_time": "2021-03-22T12:55:16.396Z", "user": 1, "content_type": 13, "object_id": "3", "object_repr": "Kids Dry Cut", "action_flag": 3, "change_message": ""}}, {"model": "admin.logentry", "pk": 19, "fields": {"action_time": "2021-03-22T12:55:16.422Z", "user": 1, "content_type": 13, "object_id": "2", "object_repr": "Wash, Cut, Blow Dry", "action_flag": 3, "change_message": ""}}, {"model": "admin.logentry", "pk": 20, "fields": {"action_time": "2021-03-22T12:55:16.445Z", "user": 1, "content_type": 13, "object_id": "1", "object_repr": "Wash, Trim, Blow Dry", "action_flag": 3, "change_message": ""}}, {"model": "admin.logentry", "pk": 21, "fields": {"action_time": "2021-03-22T13:06:44.676Z", "user": 1, "content_type": 13, "object_id": "5", "object_repr": "Echosline S6 Anti-Yellow Shampoo", "action_flag": 1, "change_message": "[{\"added\": {}}]"}}, {"model": "admin.logentry", "pk": 22, "fields": {"action_time": "2021-03-22T13:13:19.437Z", "user": 1, "content_type": 13, "object_id": "6", "object_repr": "Echosline Seliar - Volume Shampoo", "action_flag": 1, "change_message": "[{\"added\": {}}]"}}, {"model": "admin.logentry", "pk": 23, "fields": {"action_time": "2021-03-22T13:17:39.872Z", "user": 1, "content_type": 13, "object_id": "7", "object_repr": "Echosline C2 One Minute Conditioner", "action_flag": 1, "change_message": "[{\"added\": {}}]"}}, {"model": "admin.logentry", "pk": 24, "fields": {"action_time": "2021-03-22T13:22:51.227Z", "user": 1, "content_type": 13, "object_id": "8", "object_repr": "Echosline S2 Hydrating Shampoo", "action_flag": 1, "change_message": "[{\"added\": {}}]"}}, {"model": "admin.logentry", "pk": 25, "fields": {"action_time": "2021-03-22T13:29:09.143Z", "user": 1, "content_type": 13, "object_id": "9", "object_repr": "Alter Ego Passion Mask - Conditioning Colour Treatment", "action_flag": 1, "change_message": "[{\"added\": {}}]"}}, {"model": "admin.logentry", "pk": 26, "fields": {"action_time": "2021-03-22T13:38:44.695Z", "user": 1, "content_type": 13, "object_id": "10", "object_repr": "Echosline Karbon 9 Charcoal Shampoo and Conditioner", "action_flag": 1, "change_message": "[{\"added\": {}}]"}}, {"model": "admin.logentry", "pk": 27, "fields": {"action_time": "2021-03-22T13:41:20.543Z", "user": 1, "content_type": 13, "object_id": "11", "object_repr": "Echosline Classic - M6 Anti-Yellow Mask", "action_flag": 1, "change_message": "[{\"added\": {}}]"}}, {"model": "admin.logentry", "pk": 28, "fields": {"action_time": "2021-03-22T13:58:32.308Z", "user": 1, "content_type": 13, "object_id": "12", "object_repr": "ECHOSLINE Seliar Argan Nourishing Shampoo", "action_flag": 1, "change_message": "[{\"added\": {}}]"}}, {"model": "admin.logentry", "pk": 29, "fields": {"action_time": "2021-03-22T14:02:05.825Z", "user": 1, "content_type": 13, "object_id": "13", "object_repr": "Echosline Seliar Argan Volume Conditioner", "action_flag": 1, "change_message": "[{\"added\": {}}]"}}, {"model": "admin.logentry", "pk": 30, "fields": {"action_time": "2021-03-22T14:07:18.350Z", "user": 1, "content_type": 13, "object_id": "14", "object_repr": "Tonika Tinting Balsam Conditioner", "action_flag": 1, "change_message": "[{\"added\": {}}]"}}, {"model": "admin.logentry", "pk": 31, "fields": {"action_time": "2021-03-22T14:11:21.223Z", "user": 1, "content_type": 13, "object_id": "15", "object_repr": "Echosline Seliar Discipline Mask", "action_flag": 1, "change_message": "[{\"added\": {}}]"}}, {"model": "admin.logentry", "pk": 32, "fields": {"action_time": "2021-03-22T14:19:10.856Z", "user": 1, "content_type": 13, "object_id": "16", "object_repr": "Echos Line S4 Anti-dandruff Shampoo", "action_flag": 1, "change_message": "[{\"added\": {}}]"}}, {"model": "admin.logentry", "pk": 33, "fields": {"action_time": "2021-03-22T15:02:13.994Z", "user": 1, "content_type": 14, "object_id": "7", "object_repr": "shampoo", "action_flag": 1, "change_message": "[{\"added\": {}}]"}}, {"model": "admin.logentry", "pk": 34, "fields": {"action_time": "2021-03-22T15:02:34.491Z", "user": 1, "content_type": 14, "object_id": "8", "object_repr": "conditioner", "action_flag": 1, "change_message": "[{\"added\": {}}]"}}, {"model": "admin.logentry", "pk": 35, "fields": {"action_time": "2021-03-22T15:03:09.917Z", "user": 1, "content_type": 14, "object_id": "9", "object_repr": "color_toner", "action_flag": 1, "change_message": "[{\"added\": {}}]"}}, {"model": "admin.logentry", "pk": 36, "fields": {"action_time": "2021-03-22T15:03:33.308Z", "user": 1, "content_type": 14, "object_id": "10", "object_repr": "mask_oil", "action_flag": 1, "change_message": "[{\"added\": {}}]"}}, {"model": "admin.logentry", "pk": 37, "fields": {"action_time": "2021-03-22T15:03:53.901Z", "user": 1, "content_type": 13, "object_id": "16", "object_repr": "Echos Line S4 Anti-dandruff Shampoo", "action_flag": 2, "change_message": "[{\"changed\": {\"fields\": [\"Category\"]}}]"}}, {"model": "admin.logentry", "pk": 38, "fields": {"action_time": "2021-03-22T15:04:03.461Z", "user": 1, "content_type": 13, "object_id": "15", "object_repr": "Echosline Seliar Discipline Mask", "action_flag": 2, "change_message": "[{\"changed\": {\"fields\": [\"Category\"]}}]"}}, {"model": "admin.logentry", "pk": 39, "fields": {"action_time": "2021-03-22T15:04:13.465Z", "user": 1, "content_type": 13, "object_id": "14", "object_repr": "Tonika Tinting Balsam Conditioner", "action_flag": 2, "change_message": "[{\"changed\": {\"fields\": [\"Category\"]}}]"}}, {"model": "admin.logentry", "pk": 40, "fields": {"action_time": "2021-03-22T15:04:25.116Z", "user": 1, "content_type": 13, "object_id": "14", "object_repr": "Tonika Tinting Balsam Conditioner", "action_flag": 2, "change_message": "[{\"changed\": {\"fields\": [\"Category\"]}}]"}}, {"model": "admin.logentry", "pk": 41, "fields": {"action_time": "2021-03-22T15:07:09.810Z", "user": 1, "content_type": 13, "object_id": "10", "object_repr": "Echosline Karbon 9 Charcoal Shampoo and Conditioner set", "action_flag": 2, "change_message": "[{\"changed\": {\"fields\": [\"Category\", \"Name\"]}}]"}}, {"model": "admin.logentry", "pk": 42, "fields": {"action_time": "2021-03-22T15:22:02.853Z", "user": 1, "content_type": 14, "object_id": "9", "object_repr": "color_toner", "action_flag": 2, "change_message": "[{\"changed\": {\"fields\": [\"Friendly name\"]}}]"}}, {"model": "admin.logentry", "pk": 43, "fields": {"action_time": "2021-03-22T15:22:13.904Z", "user": 1, "content_type": 14, "object_id": "10", "object_repr": "mask_oil", "action_flag": 2, "change_message": "[{\"changed\": {\"fields\": [\"Friendly name\"]}}]"}}, {"model": "admin.logentry", "pk": 44, "fields": {"action_time": "2021-03-22T15:26:07.567Z", "user": 1, "content_type": 14, "object_id": "8", "object_repr": "conditioner", "action_flag": 2, "change_message": "[{\"changed\": {\"fields\": [\"Friendly name\"]}}]"}}, {"model": "admin.logentry", "pk": 45, "fields": {"action_time": "2021-03-22T15:26:13.567Z", "user": 1, "content_type": 14, "object_id": "7", "object_repr": "shampoo", "action_flag": 2, "change_message": "[{\"changed\": {\"fields\": [\"Friendly name\"]}}]"}}, {"model": "admin.logentry", "pk": 46, "fields": {"action_time": "2021-03-22T15:29:35.410Z", "user": 1, "content_type": 13, "object_id": "9", "object_repr": "Alter Ego Passion Mask - Conditioning Colour Treatment", "action_flag": 2, "change_message": "[{\"changed\": {\"fields\": [\"Category\"]}}]"}}, {"model": "admin.logentry", "pk": 47, "fields": {"action_time": "2021-03-22T15:29:46.185Z", "user": 1, "content_type": 13, "object_id": "12", "object_repr": "ECHOSLINE Seliar Argan Nourishing Shampoo", "action_flag": 2, "change_message": "[{\"changed\": {\"fields\": [\"Category\"]}}]"}}, {"model": "admin.logentry", "pk": 48, "fields": {"action_time": "2021-03-22T15:29:55.021Z", "user": 1, "content_type": 13, "object_id": "16", "object_repr": "Echos Line S4 Anti-dandruff Shampoo", "action_flag": 2, "change_message": "[]"}}, {"model": "admin.logentry", "pk": 49, "fields": {"action_time": "2021-03-22T15:30:09.276Z", "user": 1, "content_type": 13, "object_id": "7", "object_repr": "Echosline C2 One Minute Conditioner", "action_flag": 2, "change_message": "[{\"changed\": {\"fields\": [\"Category\"]}}]"}}, {"model": "admin.logentry", "pk": 50, "fields": {"action_time": "2021-03-22T15:30:36.065Z", "user": 1, "content_type": 13, "object_id": "11", "object_repr": "Echosline M6 Anti-Yellow Mask", "action_flag": 2, "change_message": "[{\"changed\": {\"fields\": [\"Category\", \"Name\"]}}]"}}, {"model": "admin.logentry", "pk": 51, "fields": {"action_time": "2021-03-22T15:30:55.903Z", "user": 1, "content_type": 13, "object_id": "11", "object_repr": "Echosline M6 Anti-Yellow Mask", "action_flag": 2, "change_message": "[]"}}, {"model": "admin.logentry", "pk": 52, "fields": {"action_time": "2021-03-22T15:31:10.961Z", "user": 1, "content_type": 13, "object_id": "11", "object_repr": "Echosline M6 Anti-Yellow Mask", "action_flag": 2, "change_message": "[{\"changed\": {\"fields\": [\"Category\"]}}]"}}, {"model": "admin.logentry", "pk": 53, "fields": {"action_time": "2021-03-22T15:31:25.124Z", "user": 1, "content_type": 13, "object_id": "8", "object_repr": "Echosline S2 Hydrating Shampoo", "action_flag": 2, "change_message": "[{\"changed\": {\"fields\": [\"Category\"]}}]"}}, {"model": "admin.logentry", "pk": 54, "fields": {"action_time": "2021-03-22T15:31:42.759Z", "user": 1, "content_type": 13, "object_id": "5", "object_repr": "Echosline S6 Anti-Yellow Shampoo", "action_flag": 2, "change_message": "[{\"changed\": {\"fields\": [\"Category\"]}}]"}}, {"model": "admin.logentry", "pk": 55, "fields": {"action_time": "2021-03-22T15:32:01.148Z", "user": 1, "content_type": 13, "object_id": "4", "object_repr": "Echosline Seliar - Argan Fluid", "action_flag": 2, "change_message": "[{\"changed\": {\"fields\": [\"Category\"]}}]"}}, {"model": "admin.logentry", "pk": 56, "fields": {"action_time": "2021-03-22T15:35:14.975Z", "user": 1, "content_type": 13, "object_id": "4", "object_repr": "Echosline Seliar - Argan Fluid", "action_flag": 2, "change_message": "[{\"changed\": {\"fields\": [\"Category\", \"Description\"]}}]"}}, {"model": "admin.logentry", "pk": 57, "fields": {"action_time": "2021-03-22T15:35:29.446Z", "user": 1, "content_type": 13, "object_id": "6", "object_repr": "Echosline Seliar - Volume Shampoo", "action_flag": 2, "change_message": "[{\"changed\": {\"fields\": [\"Category\"]}}]"}}, {"model": "admin.logentry", "pk": 58, "fields": {"action_time": "2021-03-22T15:35:41.753Z", "user": 1, "content_type": 13, "object_id": "13", "object_repr": "Echosline Seliar Argan Volume Conditioner", "action_flag": 2, "change_message": "[{\"changed\": {\"fields\": [\"Category\"]}}]"}}, {"model": "admin.logentry", "pk": 59, "fields": {"action_time": "2021-03-22T15:36:26.240Z", "user": 1, "content_type": 13, "object_id": "14", "object_repr": "Tonika Tinting Balsam Conditioner", "action_flag": 2, "change_message": "[]"}}, {"model": "admin.logentry", "pk": 60, "fields": {"action_time": "2021-03-22T15:37:11.667Z", "user": 1, "content_type": 14, "object_id": "3", "object_repr": "masks_oils", "action_flag": 3, "change_message": ""}}, {"model": "admin.logentry", "pk": 61, "fields": {"action_time": "2021-03-22T15:37:11.690Z", "user": 1, "content_type": 14, "object_id": "2", "object_repr": "toners", "action_flag": 3, "change_message": ""}}, {"model": "admin.logentry", "pk": 62, "fields": {"action_time": "2021-03-22T15:37:11.710Z", "user": 1, "content_type": 14, "object_id": "1", "object_repr": "shampoos_conditioners", "action_flag": 3, "change_message": ""}}, {"model": "admin.logentry", "pk": 63, "fields": {"action_time": "2021-03-23T11:06:03.661Z", "user": 1, "content_type": 14, "object_id": "10", "object_repr": "masks,oils", "action_flag": 2, "change_message": "[{\"changed\": {\"fields\": [\"Name\"]}}]"}}, {"model": "admin.logentry", "pk": 64, "fields": {"action_time": "2021-03-23T11:10:03.899Z", "user": 1, "content_type": 14, "object_id": "7", "object_repr": "shampoos", "action_flag": 2, "change_message": "[{\"changed\": {\"fields\": [\"Name\"]}}]"}}, {"model": "admin.logentry", "pk": 65, "fields": {"action_time": "2021-03-23T11:10:09.065Z", "user": 1, "content_type": 14, "object_id": "8", "object_repr": "conditioners", "action_flag": 2, "change_message": "[{\"changed\": {\"fields\": [\"Name\"]}}]"}}, {"model": "admin.logentry", "pk": 66, "fields": {"action_time": "2021-03-23T11:10:18.852Z", "user": 1, "content_type": 14, "object_id": "9", "object_repr": "color,toner", "action_flag": 2, "change_message": "[{\"changed\": {\"fields\": [\"Name\"]}}]"}}, {"model": "admin.logentry", "pk": 67, "fields": {"action_time": "2021-03-23T11:11:25.725Z", "user": 1, "content_type": 14, "object_id": "9", "object_repr": "colors,toners", "action_flag": 2, "change_message": "[{\"changed\": {\"fields\": [\"Name\"]}}]"}}, {"model": "admin.logentry", "pk": 68, "fields": {"action_time": "2021-03-23T11:13:07.274Z", "user": 1, "content_type": 13, "object_id": "9", "object_repr": "Alter Ego Passion Mask - Conditioning Colour Treatment", "action_flag": 2, "change_message": "[]"}}, {"model": "admin.logentry", "pk": 69, "fields": {"action_time": "2021-03-23T11:15:13.044Z", "user": 1, "content_type": 14, "object_id": "10", "object_repr": "masks_oils", "action_flag": 2, "change_message": "[{\"changed\": {\"fields\": [\"Name\"]}}]"}}, {"model": "admin.logentry", "pk": 70, "fields": {"action_time": "2021-03-23T11:15:22.539Z", "user": 1, "content_type": 14, "object_id": "9", "object_repr": "colors_toners", "action_flag": 2, "change_message": "[{\"changed\": {\"fields\": [\"Name\"]}}]"}}, {"model": "admin.logentry", "pk": 71, "fields": {"action_time": "2021-03-23T13:21:20.748Z", "user": 1, "content_type": 16, "object_id": "1", "object_repr": "hair", "action_flag": 1, "change_message": "[{\"added\": {}}]"}}, {"model": "admin.logentry", "pk": 72, "fields": {"action_time": "2021-03-23T13:21:41.321Z", "user": 1, "content_type": 16, "object_id": "2", "object_repr": "nails", "action_flag": 1, "change_message": "[{\"added\": {}}]"}}, {"model": "admin.logentry", "pk": 73, "fields": {"action_time": "2021-03-23T13:21:57.938Z", "user": 1, "content_type": 16, "object_id": "3", "object_repr": "lashes", "action_flag": 1, "change_message": "[{\"added\": {}}]"}}, {"model": "admin.logentry", "pk": 74, "fields": {"action_time": "2021-03-23T13:22:15.991Z", "user": 1, "content_type": 16, "object_id": "4", "object_repr": "tinting", "action_flag": 1, "change_message": "[{\"added\": {}}]"}}, {"model": "admin.logentry", "pk": 75, "fields": {"action_time": "2021-03-23T13:22:30.140Z", "user": 1, "content_type": 16, "object_id": "5", "object_repr": "waxing", "action_flag": 1, "change_message": "[{\"added\": {}}]"}}, {"model": "admin.logentry", "pk": 76, "fields": {"action_time": "2021-03-23T13:23:42.638Z", "user": 1, "content_type": 15, "object_id": "1", "object_repr": "Wash, Trim, Blow Dry", "action_flag": 1, "change_message": "[{\"added\": {}}]"}}, {"model": "admin.logentry", "pk": 77, "fields": {"action_time": "2021-03-23T13:24:09.812Z", "user": 1, "content_type": 15, "object_id": "2", "object_repr": "Wash, Cut, Blow Dry", "action_flag": 1, "change_message": "[{\"added\": {}}]"}}, {"model": "admin.logentry", "pk": 78, "fields": {"action_time": "2021-03-23T13:24:41.937Z", "user": 1, "content_type": 15, "object_id": "3", "object_repr": "Kids Dry Cut", "action_flag": 1, "change_message": "[{\"added\": {}}]"}}, {"model": "admin.logentry", "pk": 79, "fields": {"action_time": "2021-03-23T13:25:13.126Z", "user": 1, "content_type": 15, "object_id": "4", "object_repr": "Blow Dry Short", "action_flag": 1, "change_message": "[{\"added\": {}}]"}}, {"model": "admin.logentry", "pk": 80, "fields": {"action_time": "2021-03-23T13:26:07.723Z", "user": 1, "content_type": 15, "object_id": "5", "object_repr": "Blow Dry Medium", "action_flag": 1, "change_message": "[{\"added\": {}}]"}}, {"model": "admin.logentry", "pk": 81, "fields": {"action_time": "2021-03-23T13:26:46.048Z", "user": 1, "content_type": 15, "object_id": "6", "object_repr": "Blow Dry Long / Curly", "action_flag": 1, "change_message": "[{\"added\": {}}]"}}, {"model": "admin.logentry", "pk": 82, "fields": {"action_time": "2021-03-23T13:26:54.678Z", "user": 1, "content_type": 15, "object_id": "5", "object_repr": "Blow Dry / Medium", "action_flag": 2, "change_message": "[{\"changed\": {\"fields\": [\"Name\"]}}]"}}, {"model": "admin.logentry", "pk": 83, "fields": {"action_time": "2021-03-23T13:27:02.144Z", "user": 1, "content_type": 15, "object_id": "4", "object_repr": "Blow Dry / Short", "action_flag": 2, "change_message": "[{\"changed\": {\"fields\": [\"Name\"]}}]"}}, {"model": "admin.logentry", "pk": 84, "fields": {"action_time": "2021-03-23T13:27:38.120Z", "user": 1, "content_type": 15, "object_id": "7", "object_repr": "Up Style", "action_flag": 1, "change_message": "[{\"added\": {}}]"}}, {"model": "admin.logentry", "pk": 85, "fields": {"action_time": "2021-03-23T13:28:09.898Z", "user": 1, "content_type": 15, "object_id": "8", "object_repr": "Curls Wand / GHD", "action_flag": 1, "change_message": "[{\"added\": {}}]"}}, {"model": "admin.logentry", "pk": 86, "fields": {"action_time": "2021-03-23T13:28:25.064Z", "user": 1, "content_type": 15, "object_id": "8", "object_repr": "Curls Wand/GHD", "action_flag": 2, "change_message": "[{\"changed\": {\"fields\": [\"Name\"]}}]"}}, {"model": "admin.logentry", "pk": 87, "fields": {"action_time": "2021-03-23T13:28:54.869Z", "user": 1, "content_type": 15, "object_id": "9", "object_repr": "Color Regrowth (add BD)", "action_flag": 1, "change_message": "[{\"added\": {}}]"}}, {"model": "admin.logentry", "pk": 88, "fields": {"action_time": "2021-03-23T13:29:39.248Z", "user": 1, "content_type": 15, "object_id": "10", "object_repr": "Color Full (add BD)", "action_flag": 1, "change_message": "[{\"added\": {}}]"}}, {"model": "admin.logentry", "pk": 89, "fields": {"action_time": "2021-03-23T13:30:05.171Z", "user": 1, "content_type": 15, "object_id": "11", "object_repr": "Hi Lights Full", "action_flag": 1, "change_message": "[{\"added\": {}}]"}}, {"model": "admin.logentry", "pk": 90, "fields": {"action_time": "2021-03-23T13:31:27.596Z", "user": 1, "content_type": 15, "object_id": "12", "object_repr": "Hi Lights Full With Cut", "action_flag": 1, "change_message": "[{\"added\": {}}]"}}, {"model": "admin.logentry", "pk": 91, "fields": {"action_time": "2021-03-23T13:31:37.124Z", "user": 1, "content_type": 15, "object_id": "12", "object_repr": "Hi Lights Full With Cut", "action_flag": 2, "change_message": "[]"}}, {"model": "admin.logentry", "pk": 92, "fields": {"action_time": "2021-03-23T13:32:09.197Z", "user": 1, "content_type": 15, "object_id": "13", "object_repr": "Hi Lights Half", "action_flag": 1, "change_message": "[{\"added\": {}}]"}}, {"model": "admin.logentry", "pk": 93, "fields": {"action_time": "2021-03-23T13:32:44.143Z", "user": 1, "content_type": 15, "object_id": "14", "object_repr": "Hi Lights Half With Cut", "action_flag": 1, "change_message": "[{\"added\": {}}]"}}, {"model": "admin.logentry", "pk": 94, "fields": {"action_time": "2021-03-23T13:33:41.360Z", "user": 1, "content_type": 15, "object_id": "15", "object_repr": "Hi Lights T-Bar", "action_flag": 1, "change_message": "[{\"added\": {}}]"}}, {"model": "admin.logentry", "pk": 95, "fields": {"action_time": "2021-03-23T13:34:11.616Z", "user": 1, "content_type": 15, "object_id": "16", "object_repr": "Hi Lights T-Bar With Cut", "action_flag": 1, "change_message": "[{\"added\": {}}]"}}, {"model": "admin.logentry", "pk": 96, "fields": {"action_time": "2021-03-23T13:34:39.181Z", "user": 1, "content_type": 15, "object_id": "17", "object_repr": "Scalp Bleach", "action_flag": 1, "change_message": "[{\"added\": {}}]"}}, {"model": "admin.logentry", "pk": 97, "fields": {"action_time": "2021-03-23T13:35:05.200Z", "user": 1, "content_type": 15, "object_id": "18", "object_repr": "Toner", "action_flag": 1, "change_message": "[{\"added\": {}}]"}}, {"model": "admin.logentry", "pk": 98, "fields": {"action_time": "2021-03-23T13:36:11.521Z", "user": 1, "content_type": 15, "object_id": "19", "object_repr": "Manicure", "action_flag": 1, "change_message": "[{\"added\": {}}]"}}, {"model": "admin.logentry", "pk": 99, "fields": {"action_time": "2021-03-23T13:36:38.705Z", "user": 1, "content_type": 15, "object_id": "20", "object_repr": "Pedicure", "action_flag": 1, "change_message": "[{\"added\": {}}]"}}, {"model": "admin.logentry", "pk": 100, "fields": {"action_time": "2021-03-23T13:37:07.089Z", "user": 1, "content_type": 15, "object_id": "21", "object_repr": "Gel Nails", "action_flag": 1, "change_message": "[{\"added\": {}}]"}}, {"model": "admin.logentry", "pk": 101, "fields": {"action_time": "2021-03-23T13:37:31.352Z", "user": 1, "content_type": 15, "object_id": "22", "object_repr": "Gel Overlay on Natural Nails", "action_flag": 1, "change_message": "[{\"added\": {}}]"}}, {"model": "admin.logentry", "pk": 102, "fields": {"action_time": "2021-03-23T13:37:57.012Z", "user": 1, "content_type": 15, "object_id": "23", "object_repr": "Gel Polish", "action_flag": 1, "change_message": "[{\"added\": {}}]"}}, {"model": "admin.logentry", "pk": 103, "fields": {"action_time": "2021-03-23T13:38:23.007Z", "user": 1, "content_type": 15, "object_id": "24", "object_repr": "Gel Polish Removal", "action_flag": 1, "change_message": "[{\"added\": {}}]"}}, {"model": "admin.logentry", "pk": 104, "fields": {"action_time": "2021-03-23T13:38:48.202Z", "user": 1, "content_type": 15, "object_id": "25", "object_repr": "Gel Nail Removal", "action_flag": 1, "change_message": "[{\"added\": {}}]"}}, {"model": "admin.logentry", "pk": 105, "fields": {"action_time": "2021-03-23T13:39:13.819Z", "user": 1, "content_type": 15, "object_id": "26", "object_repr": "Gel Refill", "action_flag": 1, "change_message": "[{\"added\": {}}]"}}, {"model": "admin.logentry", "pk": 106, "fields": {"action_time": "2021-03-23T13:40:21.558Z", "user": 1, "content_type": 15, "object_id": "27", "object_repr": "French White Tip / Ombre", "action_flag": 1, "change_message": "[{\"added\": {}}]"}}, {"model": "admin.logentry", "pk": 107, "fields": {"action_time": "2021-03-23T14:27:29.474Z", "user": 1, "content_type": 15, "object_id": "28", "object_repr": "Lip", "action_flag": 1, "change_message": "[{\"added\": {}}]"}}, {"model": "admin.logentry", "pk": 108, "fields": {"action_time": "2021-03-23T14:27:52.148Z", "user": 1, "content_type": 15, "object_id": "29", "object_repr": "Eye Brow", "action_flag": 1, "change_message": "[{\"added\": {}}]"}}, {"model": "admin.logentry", "pk": 109, "fields": {"action_time": "2021-03-23T14:28:09.035Z", "user": 1, "content_type": 15, "object_id": "30", "object_repr": "Chin", "action_flag": 1, "change_message": "[{\"added\": {}}]"}}, {"model": "admin.logentry", "pk": 110, "fields": {"action_time": "2021-03-23T14:28:29.013Z", "user": 1, "content_type": 15, "object_id": "31", "object_repr": "Side of Face", "action_flag": 1, "change_message": "[{\"added\": {}}]"}}, {"model": "admin.logentry", "pk": 111, "fields": {"action_time": "2021-03-23T14:28:45.547Z", "user": 1, "content_type": 15, "object_id": "32", "object_repr": "Underarms", "action_flag": 1, "change_message": "[{\"added\": {}}]"}}, {"model": "admin.logentry", "pk": 112, "fields": {"action_time": "2021-03-23T14:29:04.167Z", "user": 1, "content_type": 15, "object_id": "33", "object_repr": "Forearms", "action_flag": 1, "change_message": "[{\"added\": {}}]"}}, {"model": "admin.logentry", "pk": 113, "fields": {"action_time": "2021-03-23T14:29:20.123Z", "user": 1, "content_type": 15, "object_id": "34", "object_repr": "Half Leg", "action_flag": 1, "change_message": "[{\"added\": {}}]"}}, {"model": "admin.logentry", "pk": 114, "fields": {"action_time": "2021-03-23T14:29:36.103Z", "user": 1, "content_type": 15, "object_id": "35", "object_repr": "Full Leg", "action_flag": 1, "change_message": "[{\"added\": {}}]"}}, {"model": "admin.logentry", "pk": 115, "fields": {"action_time": "2021-03-23T14:29:56.952Z", "user": 1, "content_type": 15, "object_id": "36", "object_repr": "eyelashes", "action_flag": 1, "change_message": "[{\"added\": {}}]"}}, {"model": "admin.logentry", "pk": 116, "fields": {"action_time": "2021-03-23T14:30:20.356Z", "user": 1, "content_type": 15, "object_id": "37", "object_repr": "eyebrows", "action_flag": 1, "change_message": "[{\"added\": {}}]"}}, {"model": "admin.logentry", "pk": 117, "fields": {"action_time": "2021-03-23T14:30:55.272Z", "user": 1, "content_type": 15, "object_id": "38", "object_repr": "eye pack", "action_flag": 1, "change_message": "[{\"added\": {}}]"}}, {"model": "admin.logentry", "pk": 118, "fields": {"action_time": "2021-03-23T14:31:12.382Z", "user": 1, "content_type": 15, "object_id": "39", "object_repr": "Strip Lashes", "action_flag": 1, "change_message": "[{\"added\": {}}]"}}, {"model": "admin.logentry", "pk": 119, "fields": {"action_time": "2021-03-23T14:31:30.603Z", "user": 1, "content_type": 15, "object_id": "40", "object_repr": "Weekend Lashes", "action_flag": 1, "change_message": "[{\"added\": {}}]"}}, {"model": "admin.logentry", "pk": 120, "fields": {"action_time": "2021-03-23T14:31:49.911Z", "user": 1, "content_type": 15, "object_id": "41", "object_repr": "Mink Lashes Half Set", "action_flag": 1, "change_message": "[{\"added\": {}}]"}}, {"model": "admin.logentry", "pk": 121, "fields": {"action_time": "2021-03-23T14:32:09.079Z", "user": 1, "content_type": 15, "object_id": "42", "object_repr": "Mink Lashes Full Set", "action_flag": 1, "change_message": "[{\"added\": {}}]"}}, {"model": "admin.logentry", "pk": 122, "fields": {"action_time": "2021-03-23T14:32:26.471Z", "user": 1, "content_type": 15, "object_id": "43", "object_repr": "Hybrid Mix Set", "action_flag": 1, "change_message": "[{\"added\": {}}]"}}, {"model": "admin.logentry", "pk": 123, "fields": {"action_time": "2021-03-23T14:32:57.439Z", "user": 1, "content_type": 15, "object_id": "44", "object_repr": "Volume Lashes Full Set", "action_flag": 1, "change_message": "[{\"added\": {}}]"}}, {"model": "admin.logentry", "pk": 124, "fields": {"action_time": "2021-03-23T14:33:17.186Z", "user": 1, "content_type": 15, "object_id": "45", "object_repr": "Super Volumes", "action_flag": 1, "change_message": "[{\"added\": {}}]"}}, {"model": "admin.logentry", "pk": 125, "fields": {"action_time": "2021-03-23T17:16:17.572Z", "user": 1, "content_type": 16, "object_id": "3", "object_repr": "lashes", "action_flag": 2, "change_message": "[{\"changed\": {\"fields\": [\"Image\"]}}]"}}, {"model": "admin.logentry", "pk": 126, "fields": {"action_time": "2021-03-23T17:16:33.410Z", "user": 1, "content_type": 16, "object_id": "1", "object_repr": "hair", "action_flag": 2, "change_message": "[{\"changed\": {\"fields\": [\"Image\"]}}]"}}, {"model": "admin.logentry", "pk": 127, "fields": {"action_time": "2021-03-24T22:06:43.610Z", "user": 1, "content_type": 13, "object_id": "9", "object_repr": "Alter Ego Passion Mask - Conditioning Colour Treatment", "action_flag": 2, "change_message": "[{\"changed\": {\"fields\": [\"Has colors\"]}}]"}}, {"model": "admin.logentry", "pk": 128, "fields": {"action_time": "2021-03-24T22:06:53.702Z", "user": 1, "content_type": 13, "object_id": "14", "object_repr": "Tonika Tinting Balsam Conditioner", "action_flag": 2, "change_message": "[{\"changed\": {\"fields\": [\"Has colors\"]}}]"}}, {"model": "admin.logentry", "pk": 129, "fields": {"action_time": "2021-03-25T09:54:21.260Z", "user": 1, "content_type": 13, "object_id": "9", "object_repr": "Alter Ego Passion Mask - Conditioning Colour Treatment", "action_flag": 2, "change_message": "[]"}}, {"model": "admin.logentry", "pk": 130, "fields": {"action_time": "2021-03-25T09:54:32.531Z", "user": 1, "content_type": 13, "object_id": "14", "object_repr": "Tonika Tinting Balsam Conditioner", "action_flag": 2, "change_message": "[]"}}, {"model": "admin.logentry", "pk": 131, "fields": {"action_time": "2021-03-26T22:01:46.410Z", "user": 1, "content_type": 17, "object_id": "2", "object_repr": "88B0E38E170B401EAFC228F937D5E445", "action_flag": 3, "change_message": ""}}, {"model": "admin.logentry", "pk": 132, "fields": {"action_time": "2021-03-26T22:02:16.312Z", "user": 1, "content_type": 17, "object_id": "1", "object_repr": "E5C48A89EAEC4EF7BF96DFD9361B8B8D", "action_flag": 3, "change_message": ""}}, {"model": "admin.logentry", "pk": 133, "fields": {"action_time": "2021-03-26T22:13:21.120Z", "user": 1, "content_type": 17, "object_id": "3", "object_repr": "7A75602412F64EC2972B9DC7D70A39A2", "action_flag": 2, "change_message": "[{\"changed\": {\"name\": \"order line item\", \"object\": \"Name Echosline S6 Anti-Yellow Shampoo on order 7A75602412F64EC2972B9DC7D70A39A2\", \"fields\": [\"Quantity\"]}}]"}}, {"model": "admin.logentry", "pk": 134, "fields": {"action_time": "2021-03-26T22:13:34.208Z", "user": 1, "content_type": 17, "object_id": "3", "object_repr": "7A75602412F64EC2972B9DC7D70A39A2", "action_flag": 2, "change_message": "[{\"changed\": {\"name\": \"order line item\", \"object\": \"Name Tonika Tinting Balsam Conditioner on order 7A75602412F64EC2972B9DC7D70A39A2\", \"fields\": [\"Quantity\"]}}]"}}, {"model": "admin.logentry", "pk": 135, "fields": {"action_time": "2021-03-26T22:14:04.968Z", "user": 1, "content_type": 17, "object_id": "3", "object_repr": "7A75602412F64EC2972B9DC7D70A39A2", "action_flag": 2, "change_message": "[{\"changed\": {\"name\": \"order line item\", \"object\": \"Name Echosline S6 Anti-Yellow Shampoo on order 7A75602412F64EC2972B9DC7D70A39A2\", \"fields\": [\"Quantity\"]}}]"}}, {"model": "admin.logentry", "pk": 136, "fields": {"action_time": "2021-03-28T16:32:21.397Z", "user": 1, "content_type": 4, "object_id": "2", "object_repr": "testytest", "action_flag": 2, "change_message": "[{\"changed\": {\"fields\": [\"First name\", \"Last name\"]}}]"}}, {"model": "admin.logentry", "pk": 137, "fields": {"action_time": "2021-03-28T17:22:21.189Z", "user": 1, "content_type": 17, "object_id": "22", "object_repr": "1672EC7A964D43DA85561ED4DC0F878A", "action_flag": 3, "change_message": ""}}, {"model": "admin.logentry", "pk": 138, "fields": {"action_time": "2021-03-28T17:22:21.219Z", "user": 1, "content_type": 17, "object_id": "21", "object_repr": "D97A2C4B49AD41F789A9BD3C70F222A3", "action_flag": 3, "change_message": ""}}, {"model": "admin.logentry", "pk": 139, "fields": {"action_time": "2021-03-28T17:22:21.243Z", "user": 1, "content_type": 17, "object_id": "20", "object_repr": "1851E5ED05514D89ACDE754EE3454D20", "action_flag": 3, "change_message": ""}}, {"model": "admin.logentry", "pk": 140, "fields": {"action_time": "2021-03-28T17:22:21.265Z", "user": 1, "content_type": 17, "object_id": "19", "object_repr": "2B734A49373A49678DFB6A54F80328AC", "action_flag": 3, "change_message": ""}}, {"model": "admin.logentry", "pk": 141, "fields": {"action_time": "2021-03-28T17:22:21.298Z", "user": 1, "content_type": 17, "object_id": "18", "object_repr": "6A031C7B2E844B58A51F402F05C753A8", "action_flag": 3, "change_message": ""}}, {"model": "admin.logentry", "pk": 142, "fields": {"action_time": "2021-03-28T17:22:21.330Z", "user": 1, "content_type": 17, "object_id": "17", "object_repr": "BCBED76C56424AC4B48DC4B617311AB5", "action_flag": 3, "change_message": ""}}, {"model": "admin.logentry", "pk": 143, "fields": {"action_time": "2021-03-28T17:22:21.352Z", "user": 1, "content_type": 17, "object_id": "16", "object_repr": "48C41F3E087A4338A80A1F7745EF5D0D", "action_flag": 3, "change_message": ""}}, {"model": "admin.logentry", "pk": 144, "fields": {"action_time": "2021-03-28T17:22:21.373Z", "user": 1, "content_type": 17, "object_id": "15", "object_repr": "624523DF74524D36A54D7B2E76012F51", "action_flag": 3, "change_message": ""}}, {"model": "admin.logentry", "pk": 145, "fields": {"action_time": "2021-03-28T17:22:21.395Z", "user": 1, "content_type": 17, "object_id": "14", "object_repr": "074B8F9F5F2741D1B237DE86FF075A73", "action_flag": 3, "change_message": ""}}, {"model": "admin.logentry", "pk": 146, "fields": {"action_time": "2021-03-28T17:22:21.426Z", "user": 1, "content_type": 17, "object_id": "13", "object_repr": "2C3E4B040BB3483CA135629159D167EF", "action_flag": 3, "change_message": ""}}, {"model": "admin.logentry", "pk": 147, "fields": {"action_time": "2021-03-28T17:22:21.451Z", "user": 1, "content_type": 17, "object_id": "12", "object_repr": "536E90F6790A4C5383A5DFDA4C243279", "action_flag": 3, "change_message": ""}}, {"model": "admin.logentry", "pk": 148, "fields": {"action_time": "2021-03-28T17:22:21.473Z", "user": 1, "content_type": 17, "object_id": "11", "object_repr": "D2BC7A4FAEE5409BA5A65848972F95DF", "action_flag": 3, "change_message": ""}}, {"model": "admin.logentry", "pk": 149, "fields": {"action_time": "2021-03-28T17:22:21.495Z", "user": 1, "content_type": 17, "object_id": "10", "object_repr": "6C71E114F1E94C9CBB236403D643EF85", "action_flag": 3, "change_message": ""}}, {"model": "admin.logentry", "pk": 150, "fields": {"action_time": "2021-03-28T17:22:21.517Z", "user": 1, "content_type": 17, "object_id": "9", "object_repr": "9C11F7B91343434DBE222572DE8F0CA2", "action_flag": 3, "change_message": ""}}, {"model": "admin.logentry", "pk": 151, "fields": {"action_time": "2021-03-28T17:22:21.538Z", "user": 1, "content_type": 17, "object_id": "8", "object_repr": "933711FF50384E58B4ED5981C7C1D589", "action_flag": 3, "change_message": ""}}, {"model": "admin.logentry", "pk": 152, "fields": {"action_time": "2021-03-28T17:22:21.560Z", "user": 1, "content_type": 17, "object_id": "7", "object_repr": "17C5D6FA35FA4A8BA502D2CE929E0859", "action_flag": 3, "change_message": ""}}, {"model": "admin.logentry", "pk": 153, "fields": {"action_time": "2021-03-28T17:22:21.581Z", "user": 1, "content_type": 17, "object_id": "6", "object_repr": "DA33078A83A949B3B9B0B7F85331257D", "action_flag": 3, "change_message": ""}}, {"model": "admin.logentry", "pk": 154, "fields": {"action_time": "2021-03-28T17:22:21.603Z", "user": 1, "content_type": 17, "object_id": "5", "object_repr": "69AE14E64C474F0281BCEE8E8CD92BD9", "action_flag": 3, "change_message": ""}}, {"model": "admin.logentry", "pk": 155, "fields": {"action_time": "2021-03-28T17:22:21.625Z", "user": 1, "content_type": 17, "object_id": "4", "object_repr": "BA2D5B7CF0B24B04AAB89C18FBCBA202", "action_flag": 3, "change_message": ""}}, {"model": "admin.logentry", "pk": 156, "fields": {"action_time": "2021-03-28T17:22:21.645Z", "user": 1, "content_type": 17, "object_id": "3", "object_repr": "7A75602412F64EC2972B9DC7D70A39A2", "action_flag": 3, "change_message": ""}}, {"model": "admin.logentry", "pk": 157, "fields": {"action_time": "2021-03-28T20:40:06.351Z", "user": 1, "content_type": 13, "object_id": "17", "object_repr": "test", "action_flag": 3, "change_message": ""}}, {"model": "admin.logentry", "pk": 158, "fields": {"action_time": "2021-03-28T20:40:06.377Z", "user": 1, "content_type": 13, "object_id": "18", "object_repr": "test2", "action_flag": 3, "change_message": ""}}, {"model": "admin.logentry", "pk": 159, "fields": {"action_time": "2021-03-28T20:44:35.942Z", "user": 1, "content_type": 13, "object_id": "19", "object_repr": "test", "action_flag": 3, "change_message": ""}}, {"model": "auth.permission", "pk": 1, "fields": {"name": "Can add log entry", "content_type": 1, "codename": "add_logentry"}}, {"model": "auth.permission", "pk": 2, "fields": {"name": "Can change log entry", "content_type": 1, "codename": "change_logentry"}}, {"model": "auth.permission", "pk": 3, "fields": {"name": "Can delete log entry", "content_type": 1, "codename": "delete_logentry"}}, {"model": "auth.permission", "pk": 4, "fields": {"name": "Can view log entry", "content_type": 1, "codename": "view_logentry"}}, {"model": "auth.permission", "pk": 5, "fields": {"name": "Can add permission", "content_type": 2, "codename": "add_permission"}}, {"model": "auth.permission", "pk": 6, "fields": {"name": "Can change permission", "content_type": 2, "codename": "change_permission"}}, {"model": "auth.permission", "pk": 7, "fields": {"name": "Can delete permission", "content_type": 2, "codename": "delete_permission"}}, {"model": "auth.permission", "pk": 8, "fields": {"name": "Can view permission", "content_type": 2, "codename": "view_permission"}}, {"model": "auth.permission", "pk": 9, "fields": {"name": "Can add group", "content_type": 3, "codename": "add_group"}}, {"model": "auth.permission", "pk": 10, "fields": {"name": "Can change group", "content_type": 3, "codename": "change_group"}}, {"model": "auth.permission", "pk": 11, "fields": {"name": "Can delete group", "content_type": 3, "codename": "delete_group"}}, {"model": "auth.permission", "pk": 12, "fields": {"name": "Can view group", "content_type": 3, "codename": "view_group"}}, {"model": "auth.permission", "pk": 13, "fields": {"name": "Can add user", "content_type": 4, "codename": "add_user"}}, {"model": "auth.permission", "pk": 14, "fields": {"name": "Can change user", "content_type": 4, "codename": "change_user"}}, {"model": "auth.permission", "pk": 15, "fields": {"name": "Can delete user", "content_type": 4, "codename": "delete_user"}}, {"model": "auth.permission", "pk": 16, "fields": {"name": "Can view user", "content_type": 4, "codename": "view_user"}}, {"model": "auth.permission", "pk": 17, "fields": {"name": "Can add content type", "content_type": 5, "codename": "add_contenttype"}}, {"model": "auth.permission", "pk": 18, "fields": {"name": "Can change content type", "content_type": 5, "codename": "change_contenttype"}}, {"model": "auth.permission", "pk": 19, "fields": {"name": "Can delete content type", "content_type": 5, "codename": "delete_contenttype"}}, {"model": "auth.permission", "pk": 20, "fields": {"name": "Can view content type", "content_type": 5, "codename": "view_contenttype"}}, {"model": "auth.permission", "pk": 21, "fields": {"name": "Can add session", "content_type": 6, "codename": "add_session"}}, {"model": "auth.permission", "pk": 22, "fields": {"name": "Can change session", "content_type": 6, "codename": "change_session"}}, {"model": "auth.permission", "pk": 23, "fields": {"name": "Can delete session", "content_type": 6, "codename": "delete_session"}}, {"model": "auth.permission", "pk": 24, "fields": {"name": "Can view session", "content_type": 6, "codename": "view_session"}}, {"model": "auth.permission", "pk": 25, "fields": {"name": "Can add site", "content_type": 7, "codename": "add_site"}}, {"model": "auth.permission", "pk": 26, "fields": {"name": "Can change site", "content_type": 7, "codename": "change_site"}}, {"model": "auth.permission", "pk": 27, "fields": {"name": "Can delete site", "content_type": 7, "codename": "delete_site"}}, {"model": "auth.permission", "pk": 28, "fields": {"name": "Can view site", "content_type": 7, "codename": "view_site"}}, {"model": "auth.permission", "pk": 29, "fields": {"name": "Can add email address", "content_type": 8, "codename": "add_emailaddress"}}, {"model": "auth.permission", "pk": 30, "fields": {"name": "Can change email address", "content_type": 8, "codename": "change_emailaddress"}}, {"model": "auth.permission", "pk": 31, "fields": {"name": "Can delete email address", "content_type": 8, "codename": "delete_emailaddress"}}, {"model": "auth.permission", "pk": 32, "fields": {"name": "Can view email address", "content_type": 8, "codename": "view_emailaddress"}}, {"model": "auth.permission", "pk": 33, "fields": {"name": "Can add email confirmation", "content_type": 9, "codename": "add_emailconfirmation"}}, {"model": "auth.permission", "pk": 34, "fields": {"name": "Can change email confirmation", "content_type": 9, "codename": "change_emailconfirmation"}}, {"model": "auth.permission", "pk": 35, "fields": {"name": "Can delete email confirmation", "content_type": 9, "codename": "delete_emailconfirmation"}}, {"model": "auth.permission", "pk": 36, "fields": {"name": "Can view email confirmation", "content_type": 9, "codename": "view_emailconfirmation"}}, {"model": "auth.permission", "pk": 37, "fields": {"name": "Can add social account", "content_type": 10, "codename": "add_socialaccount"}}, {"model": "auth.permission", "pk": 38, "fields": {"name": "Can change social account", "content_type": 10, "codename": "change_socialaccount"}}, {"model": "auth.permission", "pk": 39, "fields": {"name": "Can delete social account", "content_type": 10, "codename": "delete_socialaccount"}}, {"model": "auth.permission", "pk": 40, "fields": {"name": "Can view social account", "content_type": 10, "codename": "view_socialaccount"}}, {"model": "auth.permission", "pk": 41, "fields": {"name": "Can add social application", "content_type": 11, "codename": "add_socialapp"}}, {"model": "auth.permission", "pk": 42, "fields": {"name": "Can change social application", "content_type": 11, "codename": "change_socialapp"}}, {"model": "auth.permission", "pk": 43, "fields": {"name": "Can delete social application", "content_type": 11, "codename": "delete_socialapp"}}, {"model": "auth.permission", "pk": 44, "fields": {"name": "Can view social application", "content_type": 11, "codename": "view_socialapp"}}, {"model": "auth.permission", "pk": 45, "fields": {"name": "Can add social application token", "content_type": 12, "codename": "add_socialtoken"}}, {"model": "auth.permission", "pk": 46, "fields": {"name": "Can change social application token", "content_type": 12, "codename": "change_socialtoken"}}, {"model": "auth.permission", "pk": 47, "fields": {"name": "Can delete social application token", "content_type": 12, "codename": "delete_socialtoken"}}, {"model": "auth.permission", "pk": 48, "fields": {"name": "Can view social application token", "content_type": 12, "codename": "view_socialtoken"}}, {"model": "auth.permission", "pk": 49, "fields": {"name": "Can add product", "content_type": 13, "codename": "add_product"}}, {"model": "auth.permission", "pk": 50, "fields": {"name": "Can change product", "content_type": 13, "codename": "change_product"}}, {"model": "auth.permission", "pk": 51, "fields": {"name": "Can delete product", "content_type": 13, "codename": "delete_product"}}, {"model": "auth.permission", "pk": 52, "fields": {"name": "Can view product", "content_type": 13, "codename": "view_product"}}, {"model": "auth.permission", "pk": 53, "fields": {"name": "Can add category", "content_type": 14, "codename": "add_category"}}, {"model": "auth.permission", "pk": 54, "fields": {"name": "Can change category", "content_type": 14, "codename": "change_category"}}, {"model": "auth.permission", "pk": 55, "fields": {"name": "Can delete category", "content_type": 14, "codename": "delete_category"}}, {"model": "auth.permission", "pk": 56, "fields": {"name": "Can view category", "content_type": 14, "codename": "view_category"}}, {"model": "auth.permission", "pk": 57, "fields": {"name": "Can add service", "content_type": 15, "codename": "add_service"}}, {"model": "auth.permission", "pk": 58, "fields": {"name": "Can change service", "content_type": 15, "codename": "change_service"}}, {"model": "auth.permission", "pk": 59, "fields": {"name": "Can delete service", "content_type": 15, "codename": "delete_service"}}, {"model": "auth.permission", "pk": 60, "fields": {"name": "Can view service", "content_type": 15, "codename": "view_service"}}, {"model": "auth.permission", "pk": 61, "fields": {"name": "Can add category", "content_type": 16, "codename": "add_category"}}, {"model": "auth.permission", "pk": 62, "fields": {"name": "Can change category", "content_type": 16, "codename": "change_category"}}, {"model": "auth.permission", "pk": 63, "fields": {"name": "Can delete category", "content_type": 16, "codename": "delete_category"}}, {"model": "auth.permission", "pk": 64, "fields": {"name": "Can view category", "content_type": 16, "codename": "view_category"}}, {"model": "auth.permission", "pk": 65, "fields": {"name": "Can add order", "content_type": 17, "codename": "add_order"}}, {"model": "auth.permission", "pk": 66, "fields": {"name": "Can change order", "content_type": 17, "codename": "change_order"}}, {"model": "auth.permission", "pk": 67, "fields": {"name": "Can delete order", "content_type": 17, "codename": "delete_order"}}, {"model": "auth.permission", "pk": 68, "fields": {"name": "Can view order", "content_type": 17, "codename": "view_order"}}, {"model": "auth.permission", "pk": 69, "fields": {"name": "Can add order line item", "content_type": 18, "codename": "add_orderlineitem"}}, {"model": "auth.permission", "pk": 70, "fields": {"name": "Can change order line item", "content_type": 18, "codename": "change_orderlineitem"}}, {"model": "auth.permission", "pk": 71, "fields": {"name": "Can delete order line item", "content_type": 18, "codename": "delete_orderlineitem"}}, {"model": "auth.permission", "pk": 72, "fields": {"name": "Can view order line item", "content_type": 18, "codename": "view_orderlineitem"}}, {"model": "auth.permission", "pk": 73, "fields": {"name": "Can add user profile", "content_type": 19, "codename": "add_userprofile"}}, {"model": "auth.permission", "pk": 74, "fields": {"name": "Can change user profile", "content_type": 19, "codename": "change_userprofile"}}, {"model": "auth.permission", "pk": 75, "fields": {"name": "Can delete user profile", "content_type": 19, "codename": "delete_userprofile"}}, {"model": "auth.permission", "pk": 76, "fields": {"name": "Can view user profile", "content_type": 19, "codename": "view_userprofile"}}, {"model": "auth.user", "pk": 1, "fields": {"password": "pbkdf2_sha256$216000$2CaeHfydtLvr$U+dkCU52hfSx9s+4yEgxXCar51ydgFj5LnYp/CvYkNk=", "last_login": "2021-03-29T00:47:31.914Z", "is_superuser": true, "username": "pa86", "first_name": "", "last_name": "", "email": "patricksingleton95@gmail.com", "is_staff": true, "is_active": true, "date_joined": "2021-03-18T15:18:37.758Z", "groups": [], "user_permissions": []}}, {"model": "auth.user", "pk": 2, "fields": {"password": "pbkdf2_sha256$216000$Bix61ZSQYqvT$iNy5dcJ0+AJCYjVO8spM2A0f8hY1ITL6GVahqS+8PG4=", "last_login": "2021-03-28T17:02:51.236Z", "is_superuser": false, "username": "testytest", "first_name": "testy", "last_name": "test", "email": "test@test.com", "is_staff": false, "is_active": true, "date_joined": "2021-03-28T03:24:55Z", "groups": [], "user_permissions": []}}, {"model": "contenttypes.contenttype", "pk": 1, "fields": {"app_label": "admin", "model": "logentry"}}, {"model": "contenttypes.contenttype", "pk": 2, "fields": {"app_label": "auth", "model": "permission"}}, {"model": "contenttypes.contenttype", "pk": 3, "fields": {"app_label": "auth", "model": "group"}}, {"model": "contenttypes.contenttype", "pk": 4, "fields": {"app_label": "auth", "model": "user"}}, {"model": "contenttypes.contenttype", "pk": 5, "fields": {"app_label": "contenttypes", "model": "contenttype"}}, {"model": "contenttypes.contenttype", "pk": 6, "fields": {"app_label": "sessions", "model": "session"}}, {"model": "contenttypes.contenttype", "pk": 7, "fields": {"app_label": "sites", "model": "site"}}, {"model": "contenttypes.contenttype", "pk": 8, "fields": {"app_label": "account", "model": "emailaddress"}}, {"model": "contenttypes.contenttype", "pk": 9, "fields": {"app_label": "account", "model": "emailconfirmation"}}, {"model": "contenttypes.contenttype", "pk": 10, "fields": {"app_label": "socialaccount", "model": "socialaccount"}}, {"model": "contenttypes.contenttype", "pk": 11, "fields": {"app_label": "socialaccount", "model": "socialapp"}}, {"model": "contenttypes.contenttype", "pk": 12, "fields": {"app_label": "socialaccount", "model": "socialtoken"}}, {"model": "contenttypes.contenttype", "pk": 13, "fields": {"app_label": "products", "model": "product"}}, {"model": "contenttypes.contenttype", "pk": 14, "fields": {"app_label": "products", "model": "category"}}, {"model": "contenttypes.contenttype", "pk": 15, "fields": {"app_label": "services", "model": "service"}}, {"model": "contenttypes.contenttype", "pk": 16, "fields": {"app_label": "services", "model": "category"}}, {"model": "contenttypes.contenttype", "pk": 17, "fields": {"app_label": "checkout", "model": "order"}}, {"model": "contenttypes.contenttype", "pk": 18, "fields": {"app_label": "checkout", "model": "orderlineitem"}}, {"model": "contenttypes.contenttype", "pk": 19, "fields": {"app_label": "profiles", "model": "userprofile"}}, {"model": "sessions.session", "pk": "0ymq3hz5f2924vzm1d64isg5z5vptynw", "fields": {"session_data": ".eJxVjLEOgzAQQ__lZhSRhFwgY3e-ASV3CdBWIBGYEP9eUBnaybKf7R06v61Dt-W4dCODAwnFbxY8veJ0AX76qZ8FzdO6jEFcFXHTLNqZ4_txd_8OBp-Hc60sVmitrZWkZIh0CojYcEwYsWJORCy5tEpZJY2mRFgbj1EnRF1yOE-D78HtYMDJAmT5lQocFtCc5jg-znw_XA:1lPMhs:tcuT7KpdGhwltPBVPVyCKd32J5xLyV_AE7d6H2_h3jg", "expire_date": "2021-04-08T09:55:12.383Z"}}, {"model": "sessions.session", "pk": "4dni6we7lxtax9teejsfbifcsbm51ke8", "fields": {"session_data": ".eJyrVkpKTFeyqlYyVbIy1FGyBDEzS1Jzi-OTKuOT83Pyi0AiicUZukk5-XkpqUpWRrW1OkqGJtgV5iZm5Kfn51UqWRnXAgEAkd0fnw:1lPmsP:X5ybsvk_pWIMkkAo9NeOLb1i9bTqVK2rs4ojJrTG0Ys", "expire_date": "2021-04-09T13:51:49.321Z"}}, {"model": "sessions.session", "pk": "4mplvhyjg67ye0zte5sujj3b9y2rxqti", "fields": {"session_data": "eyJiYWciOnsiOSI6eyJpdGVtc19ieV9jb2xvciI6eyJtYWhvZ29ueSI6N319fX0:1lPPnB:e53LzFCUdXfT20pSuNZZKmphHVIUwRk3zmjj2l2ftbA", "expire_date": "2021-04-08T13:12:53.905Z"}}, {"model": "sessions.session", "pk": "6o9l3frkd83w5ckljd3s40ncwgfn4yrx", "fields": {"session_data": "e30:1lQLrO:49WIys_b5Gt8jDVp5awFY_uoB0qHFIc60iz4RiFTkX4", "expire_date": "2021-04-11T03:13:06.657Z"}}, {"model": "sessions.session", "pk": "7jivn9hxixmyj5u61tapzdv1g9tskaol", "fields": {"session_data": "e30:1lQLlq:kWPUJS21ZL6QhajRobwcjItGHj0dExHT6EQ7UrcaRq4", "expire_date": "2021-04-11T03:07:22.703Z"}}, {"model": "sessions.session", "pk": "7p88coy1ht6ldzwqtz1b559qfm37ycjt", "fields": {"session_data": ".eJxVjE0OgyAQhe8ya2MAC1R27UXIAEMlNZgU6MZ492rjok3e5v19K1hsdbKt0MumAAY4dL-ZQ_-kfBQ4z0fco_dLy7X_bs669LfdUa7JY01Lvp-vP9SEZdo5hFF40pqTQiaZC4g-cKaCdnp0SipCQUwN49W7yAa9iw_iEkXE0UtJO7Tgm2zKcQFTX406cPgAswLXYPi2fQAhW0bO:1lQc3Z:s4Iv2p13YcNd6pTBpbBYthaARDtfteB71JMzqF-pOpc", "expire_date": "2021-04-11T20:30:45.921Z"}}, {"model": "sessions.session", "pk": "7r3bkedwtd9nwg1inbg5ny1frpv3ciua", "fields": {"session_data": ".eJxVjMsKgzAQRf9l1iIm6sS67L7fEJKZxNhaAz4KIv57Dbhxdzj3sYM1HbQ71NCKDESVuF_cd9Z20xSHOCXzNSF2cdyglRn8-ji45cTjODLQZl2CXmc36Z6hBQE3Zw193JgCfpuxiznFcZl6m6dKfqVz_orshufVvR0EM4dzLRVWqJRqpCBfE5XeIuKDnUeHFbMnYsGFklJJUZfkCZvaoCs9YlmwheMPGWBMnw:1lPkIx:IWAgiRYf-cc8VuE0eVExJJhtgrpIkJ2G-6wvdfzn2LQ", "expire_date": "2021-04-09T11:07:03.088Z"}}, {"model": "sessions.session", "pk": "8u91ajg132on9d9xg9iza4q005u5a4yj", "fields": {"session_data": "e30:1lQLiL:B-l6ZjKj_xQntrdtrqz5IszM5N9zqUfL_9zlrrjDJ-o", "expire_date": "2021-04-11T03:03:45.171Z"}}, {"model": "sessions.session", "pk": "9v1jre8khrtar7alx54lqbtnv3203oaz", "fields": {"session_data": "e30:1lQLk7:fwZioxNJnKrrhRKI6F-uC4buHmDs9QD3YCE8R52zGd4", "expire_date": "2021-04-11T03:05:35.129Z"}}, {"model": "sessions.session", "pk": "ahecz572sd05mgx66g5f2h5opi1m2tpp", "fields": {"session_data": "e30:1lQLjk:QSF4__O276UE7FlaymV8D7JxEJVvoq5l_aKKlXWSTHs", "expire_date": "2021-04-11T03:05:12.165Z"}}, {"model": "sessions.session", "pk": "dilvue5fz9i3ddlp59g9n3t9pzealqq7", "fields": {"session_data": ".eJxVjM0OAiEQg9-Fs9nwIyDe9EXIMAyBuGETgZPx3WXNHjTppf3avpiH0bMfjZ6-RHZlgp1-swD4oLoDWNc9XgBxG7Uv386B23KbjmovCL1s9X6s_q4ytDx_CJJEslaQAa55iAAYBTfRBuuC0YZAEjfKXTAkruyUUPKcZAKHWhN7fwDeIjzH:1lQg43:9yxaKlsMQouHAN1IqCnC08Rrbaqjxe5RXBLs9QjHfQA", "expire_date": "2021-04-12T00:47:31.964Z"}}, {"model": "sessions.session", "pk": "drrk79guwogy0timmdzszvtbsu625dgi", "fields": {"session_data": "e30:1lQLke:gqR4oqvzBVBQtvfaC7V7Urq4GdIsKVM3IK7VaUXbbLw", "expire_date": "2021-04-11T03:06:08.788Z"}}, {"model": "sessions.session", "pk": "ek4yc91909lb50ydfscpbarta65d2z2e", "fields": {"session_data": "eyJiYWciOnsiNCI6MSwiOSI6eyJpdGVtc19ieV9jb2xvciI6eyJtYWhvZ29ueSI6M319LCI2Ijo4MzM0MzI4fX0:1lPpSM:qsp1vvWEbKJbcYFIgYPmKl2Wrfx-bNyZUDlo_TK1KTs", "expire_date": "2021-04-09T16:37:06.915Z"}}, {"model": "sessions.session", "pk": "k8zybloe4jl2abqo0u4vk6tomob4p0g6", "fields": {"session_data": "e30:1lQLqV:JHn_KQyn3nD5J0otj17XJAQ7qEd7mUytz9VjWcDLRIs", "expire_date": "2021-04-11T03:12:11.862Z"}}, {"model": "sessions.session", "pk": "l26586bqf1jyiz48vj69bnnihknprbjv", "fields": {"session_data": ".eJyrVkpKTFeyqlYyVbIy0lGyBDEzS1Jzi-OTKuOT83Pyi0AiuYkZ-en5eZVANbW1OkqGJoSUGeooJRZn6Cbl5OelpIJ11dYCAE0bI9w:1lPWcZ:-EkVXKiisbk5m1wt9mBb7VJ3KsWJzY-_37iwwD-0M-U", "expire_date": "2021-04-08T20:30:23.430Z"}}, {"model": "sessions.session", "pk": "mk9s5xabhz9pok5dc6bzqcsfbx95j3t8", "fields": {"session_data": "eyJiYWciOnsiNCI6MSwiOSI6eyJpdGVtc19ieV9jb2xvciI6eyJtYWhvZ29ueSI6MSwidmlvbGV0IjozfX19fQ:1lPOue:lqpANuvcrOhpP5zikc1yU3GfcJeUV-lelywiOHZtQBw", "expire_date": "2021-04-08T12:16:32.968Z"}}, {"model": "sessions.session", "pk": "pp8js4p4xnk1kezrqyed4t1ar2dpb9dh", "fields": {"session_data": "eyJiYWciOnsiNCI6MSwiMTQiOnsiaXRlbXNfYnlfY29sb3IiOnsiYXNoLWJsb25kZSI6Mn19fX0:1lQY77:M7DPwUX325uCq0op-iM5MA5OAkXBv5XmY4YlsPE-rJs", "expire_date": "2021-04-11T16:18:09.244Z"}}, {"model": "sessions.session", "pk": "qr8nupjygztovjhjctt6cqeecxth5hop", "fields": {"session_data": "eyJiYWciOnsiOSI6eyJpdGVtc19ieV9jb2xvciI6eyJtYWhvZ29ueSI6MjB9fX19:1lPPms:At680VEwdJHnraDzOGPIze2eCYAhkTeU6ikmb7lxIhY", "expire_date": "2021-04-08T13:12:34.092Z"}}, {"model": "sessions.session", "pk": "ri5f19sdmuo24v8radgm47ifpadq2ko1", "fields": {"session_data": "eyJiYWciOnsiNCI6MiwiMTQiOnsiaXRlbXNfYnlfY29sb3IiOnsiYXNoLWJsb25kZSI6Mn19fX0:1lPXUg:97slSEVyNRUYIA4Clso5bN3GF7qm4PVx8XUH_HZ5tAM", "expire_date": "2021-04-08T21:26:18.213Z"}}, {"model": "sessions.session", "pk": "s9r3bazdv5ts64m327z8kevyuslun00y", "fields": {"session_data": ".eJxljMEOwiAQBf9lz01TWoS2R-9-A1lgsWgFA8VojP9uahoT43Vm3nsCGhNLWNSNkneerKIL-hnGUOa5-tqSKcEILVSgsCzTByhv_5lGc6awCnvCcIy1iWFJXtdrUm8214doad5v7c_BhHla1xaFcTspmBQdaqYFd1Jw3Q8D8qERvJOcGDppu5a4pV3PtWlczwY0TPZsPc2Us49B0f3q0wPGpoKMN1I-uAjjkgq93gdyVqY:1lQNAS:zsCooBDs-zN8xsBwul910BAeERxZgDoPE0kMFf0hLuQ", "expire_date": "2021-04-11T04:36:52.934Z"}}, {"model": "sessions.session", "pk": "tkhwgecml19k0ics4dwnaewv393bie81", "fields": {"session_data": "eyJiYWciOnsiOSI6eyJpdGVtc19ieV9jb2xvciI6eyJtYWhvZ29ueSI6MX19LCI1IjozfX0:1lPSFN:zRGEmAoKQCXUjBIy5J0625it6QJqRCCifUOSdzqy8Tk", "expire_date": "2021-04-08T15:50:09.992Z"}}, {"model": "sessions.session", "pk": "utdf2l0l41a4wa5x6c1q7tkq6sfrium7", "fields": {"session_data": "e30:1lQLjN:pB1tHITgysUp7pKBocrezOVil8aOO78fgWrNEG6Wg_4", "expire_date": "2021-04-11T03:04:49.215Z"}}, {"model": "sessions.session", "pk": "ydjqw0oak5ek9qkydoymyo30nskw2n9s", "fields": {"session_data": "eyJiYWciOnsiMTQiOnsiaXRlbXMtYnktY29sb3IiOnsiYXNoLWJsb25kZSI6MX19fX0:1lPNXg:3WCwJ_CM1F-L-FSxJ3iA5exPEKF4IcS7hdCehe6lhXs", "expire_date": "2021-04-08T10:48:44.780Z"}}, {"model": "sites.site", "pk": 1, "fields": {"domain": "reddoor.example.com", "name": "Red Door Beauty Studio"}}, {"model": "account.emailaddress", "pk": 1, "fields": {"user": 1, "email": "patricksingleton95@gmail.com", "verified": true, "primary": true}}, {"model": "account.emailaddress", "pk": 2, "fields": {"user": 2, "email": "test@test.com", "verified": true, "primary": true}}, {"model": "products.category", "pk": 7, "fields": {"name": "shampoos", "friendly_name": "Shampoos"}}, {"model": "products.category", "pk": 8, "fields": {"name": "conditioners", "friendly_name": "Conditioners"}}, {"model": "products.category", "pk": 9, "fields": {"name": "colors_toners", "friendly_name": "Colors and Toners"}}, {"model": "products.category", "pk": 10, "fields": {"name": "masks_oils", "friendly_name": "Masks and Oils"}}, {"model": "products.product", "pk": 4, "fields": {"category": 10, "name": "Echosline Seliar - Argan Fluid", "description": "Restore silky splendor in just a few drops", "has_colors": false, "price": "12.00", "image_url": null, "image": "94809637_3205952559439118_8189867734226436096_n_tA5zFMZ.jpg"}}, {"model": "products.product", "pk": 5, "fields": {"category": 7, "name": "Echosline S6 Anti-Yellow Shampoo", "description": "Thanks to a special composition with a grape extract, the shampoo neutralizes the yellow effect, giving a steady silvery shade and shine to the hair.", "has_colors": false, "price": "12.00", "image_url": null, "image": "151304241_4075633042469139_6854507058515589437_n.jpg"}}, {"model": "products.product", "pk": 6, "fields": {"category": 7, "name": "Echosline Seliar - Volume Shampoo", "description": "Gives lifeless hair volume and lightness without weighing it down", "has_colors": false, "price": "12.00", "image_url": null, "image": "151578263_3635959223166531_7896521496548348788_n.jpg"}}, {"model": "products.product", "pk": 7, "fields": {"category": 8, "name": "Echosline C2 One Minute Conditioner", "description": "Conditioner for dry and frizzy hair", "has_colors": false, "price": "14.00", "image_url": null, "image": "151782278_3848592201902026_8254141500707537997_n.jpg"}}, {"model": "products.product", "pk": 8, "fields": {"category": 7, "name": "Echosline S2 Hydrating Shampoo", "description": "Ideal for dry and frizzy hair", "has_colors": false, "price": "12.00", "image_url": null, "image": "151790699_3796164477087326_2242374206630777431_n.jpg"}}, {"model": "products.product", "pk": 9, "fields": {"category": 9, "name": "Alter Ego Passion Mask - Conditioning Colour Treatment", "description": "Conditioner with a double effect that nourishes, intensifies and colours natural and coloured hair", "has_colors": true, "price": "6.00", "image_url": null, "image": "152051890_3782613965162780_8265991184092357988_n.jpg"}}, {"model": "products.product", "pk": 10, "fields": {"category": 7, "name": "Echosline Karbon 9 Charcoal Shampoo and Conditioner set", "description": "Cleanses and removes residue and impurities, making the hair vital, soft and shiny", "has_colors": false, "price": "25.00", "image_url": null, "image": "152455399_3579528715505920_979786637050521423_n.jpg"}}, {"model": "products.product", "pk": 11, "fields": {"category": 10, "name": "Echosline M6 Anti-Yellow Mask", "description": "Neutralizes undesired yellow reflections with an effective conditioning action", "has_colors": false, "price": "18.00", "image_url": null, "image": "153181640_3846719088716833_8440861459020915114_n.png"}}, {"model": "products.product", "pk": 12, "fields": {"category": 7, "name": "ECHOSLINE Seliar Argan Nourishing Shampoo", "description": "Gently cleanses to leave hair brilliant and silky soft", "has_colors": false, "price": "12.00", "image_url": null, "image": "153523235_4385606284789844_1320333759284619263_n.jpg"}}, {"model": "products.product", "pk": 13, "fields": {"category": 8, "name": "Echosline Seliar Argan Volume Conditioner", "description": "Volume and lightness conditioner for fine and lifeless hair", "has_colors": false, "price": "14.00", "image_url": null, "image": "153531008_3936968333009057_2748267835606831756_n.jpg"}}, {"model": "products.product", "pk": 14, "fields": {"category": 9, "name": "Tonika Tinting Balsam Conditioner", "description": "Gives hair a beautiful color without aggressive effect on it", "has_colors": true, "price": "15.00", "image_url": null, "image": "154757909_5136714153066883_3740649973632390125_n.jpg"}}, {"model": "products.product", "pk": 15, "fields": {"category": 10, "name": "Echosline Seliar Discipline Mask", "description": "Detangles and moisturizes with an effective anti-frizz, anti-static and anti-humidity action, making hair relaxed, light and luminous without weighing it down", "has_colors": false, "price": "18.00", "image_url": null, "image": "154758245_3787934204620037_1499804892372551663_n.png"}}, {"model": "products.product", "pk": 16, "fields": {"category": 7, "name": "Echos Line S4 Anti-dandruff Shampoo", "description": "Rebalances greasy hair and scalp, helping to conquer the problem of dandruff", "has_colors": false, "price": "12.00", "image_url": null, "image": "155945541_3741508219298904_8424404655261555994_n.jpg"}}, {"model": "services.category", "pk": 1, "fields": {"name": "hair", "friendly_name": "Hair", "image_url": null, "image": "IMG_20190814_211015_519.jpg"}}, {"model": "services.category", "pk": 2, "fields": {"name": "nails", "friendly_name": "Nails", "image_url": null, "image": ""}}, {"model": "services.category", "pk": 3, "fields": {"name": "lashes", "friendly_name": "Lashes", "image_url": null, "image": "IMG_20190412_222922_883.jpg"}}, {"model": "services.category", "pk": 4, "fields": {"name": "tinting", "friendly_name": "Tinting", "image_url": null, "image": ""}}, {"model": "services.category", "pk": 5, "fields": {"name": "waxing", "friendly_name": "Waxing", "image_url": null, "image": ""}}, {"model": "services.service", "pk": 1, "fields": {"category": 1, "name": "Wash, Trim, Blow Dry", "price": "25.00"}}, {"model": "services.service", "pk": 2, "fields": {"category": 1, "name": "Wash, Cut, Blow Dry", "price": "35.00"}}, {"model": "services.service", "pk": 3, "fields": {"category": 1, "name": "Kids Dry Cut", "price": "15.00"}}, {"model": "services.service", "pk": 4, "fields": {"category": 1, "name": "Blow Dry / Short", "price": "20.00"}}, {"model": "services.service", "pk": 5, "fields": {"category": 1, "name": "Blow Dry / Medium", "price": "25.00"}}, {"model": "services.service", "pk": 6, "fields": {"category": 1, "name": "Blow Dry Long / Curly", "price": "30.00"}}, {"model": "services.service", "pk": 7, "fields": {"category": 1, "name": "Up Style", "price": "30.00"}}, {"model": "services.service", "pk": 8, "fields": {"category": 1, "name": "Curls Wand/GHD", "price": "25.00"}}, {"model": "services.service", "pk": 9, "fields": {"category": 1, "name": "Color Regrowth (add BD)", "price": "60.00"}}, {"model": "services.service", "pk": 10, "fields": {"category": 1, "name": "Color Full (add BD)", "price": "70.00"}}, {"model": "services.service", "pk": 11, "fields": {"category": 1, "name": "Hi Lights Full", "price": "120.00"}}, {"model": "services.service", "pk": 12, "fields": {"category": 1, "name": "Hi Lights Full With Cut", "price": "135.00"}}, {"model": "services.service", "pk": 13, "fields": {"category": 1, "name": "Hi Lights Half", "price": "90.00"}}, {"model": "services.service", "pk": 14, "fields": {"category": 1, "name": "Hi Lights Half With Cut", "price": "105.00"}}, {"model": "services.service", "pk": 15, "fields": {"category": 1, "name": "Hi Lights T-Bar", "price": "75.00"}}, {"model": "services.service", "pk": 16, "fields": {"category": 1, "name": "Hi Lights T-Bar With Cut", "price": "90.00"}}, {"model": "services.service", "pk": 17, "fields": {"category": 1, "name": "Scalp Bleach", "price": "60.00"}}, {"model": "services.service", "pk": 18, "fields": {"category": 1, "name": "Toner", "price": "15.00"}}, {"model": "services.service", "pk": 19, "fields": {"category": 2, "name": "Manicure", "price": "25.00"}}, {"model": "services.service", "pk": 20, "fields": {"category": 2, "name": "Pedicure", "price": "35.00"}}, {"model": "services.service", "pk": 21, "fields": {"category": 2, "name": "Gel Nails", "price": "45.00"}}, {"model": "services.service", "pk": 22, "fields": {"category": 2, "name": "Gel Overlay on Natural Nails", "price": "30.00"}}, {"model": "services.service", "pk": 23, "fields": {"category": 2, "name": "Gel Polish", "price": "25.00"}}, {"model": "services.service", "pk": 24, "fields": {"category": 2, "name": "Gel Polish Removal", "price": "10.00"}}, {"model": "services.service", "pk": 25, "fields": {"category": 2, "name": "Gel Nail Removal", "price": "15.00"}}, {"model": "services.service", "pk": 26, "fields": {"category": 2, "name": "Gel Refill", "price": "40.00"}}, {"model": "services.service", "pk": 27, "fields": {"category": 2, "name": "French White Tip / Ombre", "price": "5.00"}}, {"model": "services.service", "pk": 28, "fields": {"category": 5, "name": "Lip", "price": "6.00"}}, {"model": "services.service", "pk": 29, "fields": {"category": 5, "name": "Eye Brow", "price": "7.00"}}, {"model": "services.service", "pk": 30, "fields": {"category": 5, "name": "Chin", "price": "6.00"}}, {"model": "services.service", "pk": 31, "fields": {"category": 5, "name": "Side of Face", "price": "5.00"}}, {"model": "services.service", "pk": 32, "fields": {"category": 5, "name": "Underarms", "price": "12.00"}}, {"model": "services.service", "pk": 33, "fields": {"category": 5, "name": "Forearms", "price": "12.00"}}, {"model": "services.service", "pk": 34, "fields": {"category": 5, "name": "Half Leg", "price": "18.00"}}, {"model": "services.service", "pk": 35, "fields": {"category": 5, "name": "Full Leg", "price": "28.00"}}, {"model": "services.service", "pk": 36, "fields": {"category": 4, "name": "eyelashes", "price": "10.00"}}, {"model": "services.service", "pk": 37, "fields": {"category": 4, "name": "eyebrows", "price": "8.00"}}, {"model": "services.service", "pk": 38, "fields": {"category": 4, "name": "eye pack", "price": "20.00"}}, {"model": "services.service", "pk": 39, "fields": {"category": 3, "name": "Strip Lashes", "price": "12.00"}}, {"model": "services.service", "pk": 40, "fields": {"category": 3, "name": "Weekend Lashes", "price": "15.00"}}, {"model": "services.service", "pk": 41, "fields": {"category": 3, "name": "Mink Lashes Half Set", "price": "35.00"}}, {"model": "services.service", "pk": 42, "fields": {"category": 3, "name": "Mink Lashes Full Set", "price": "60.00"}}, {"model": "services.service", "pk": 43, "fields": {"category": 3, "name": "Hybrid Mix Set", "price": "50.00"}}, {"model": "services.service", "pk": 44, "fields": {"category": 3, "name": "Volume Lashes Full Set", "price": "70.00"}}, {"model": "services.service", "pk": 45, "fields": {"category": 3, "name": "Super Volumes", "price": "80.00"}}, {"model": "checkout.order", "pk": 23, "fields": {"order_number": "394726B16EFB4FF6834CF723EEB1DAB2", "user_profile": 1, "full_name": "bob", "email": "patricksingleton95@gmail.com", "phone_number": "1234567890", "country": "US", "postcode": "12345", "town_or_city": "anywhere", "street_address1": "anywhere", "street_address2": "anywhere", "county": "anywhere", "date": "2021-03-28T17:23:57.040Z", "delivery_cost": "1.20", "order_total": "12.00", "grand_total": "13.20", "original_bag": "{\"5\": 1}", "stripe_pid": "pi_1Ia2KQAoQT4NPzQKgzEyjAlk"}}, {"model": "checkout.order", "pk": 24, "fields": {"order_number": "D2FEB58894A14A5C99AC140F30D39D6A", "user_profile": 1, "full_name": "testing confirmation email", "email": "patricksingleton95@gmail.com", "phone_number": "1234567890", "country": "US", "postcode": "12345", "town_or_city": "anywhere", "street_address1": "anywhere", "street_address2": "anywhere", "county": "anywhere", "date": "2021-03-28T19:08:21.340Z", "delivery_cost": "6.90", "order_total": "69.00", "grand_total": "75.90", "original_bag": "{\"5\": 2, \"14\": {\"items_by_color\": {\"ash-blonde\": 3}}}", "stripe_pid": "pi_1Ia3xXAoQT4NPzQK9rJxzXTO"}}, {"model": "checkout.orderlineitem", "pk": 32, "fields": {"order": 23, "product": 5, "product_color": null, "quantity": 1, "lineitem_total": "12.00"}}, {"model": "checkout.orderlineitem", "pk": 33, "fields": {"order": 24, "product": 5, "product_color": null, "quantity": 2, "lineitem_total": "24.00"}}, {"model": "checkout.orderlineitem", "pk": 34, "fields": {"order": 24, "product": 14, "product_color": "ash-blonde", "quantity": 3, "lineitem_total": "45.00"}}, {"model": "profiles.userprofile", "pk": 1, "fields": {"user": 1, "default_full_name": "testing confirmation email", "default_phone_number": "1234567890", "default_street_address1": "anywhere", "default_street_address2": "anywhere", "default_town_or_city": "anywhere", "default_county": "anywhere", "default_postcode": "12345", "default_country": "US"}}, {"model": "profiles.userprofile", "pk": 2, "fields": {"user": 2, "default_full_name": "testy test", "default_phone_number": "1234567890", "default_street_address1": "anywhere", "default_street_address2": null, "default_town_or_city": "anywhere", "default_county": "anywhere", "default_postcode": "12345", "default_country": "US"}}]